type,level,chapter,name,format
Mindmap,AS,1,AS Mindmap Chapter 1,pdf
Mindmap,AS,2,AS Mindmap Chapter 2,pdf
Mindmap,AS,3,AS Mindmap Chapter 3,pdf
Mindmap,AS,4,AS Mindmap Chapter 4,pdf
Mindmap,AS,5,AS Mindmap Chapter 5,pdf
Mindmap,AS,6,AS Mindmap Chapter 6,pdf
Mindmap,AS,7,AS Mindmap Chapter 7,pdf
Mindmap,AS,8,AS Mindmap Chapter 8,pdf
Mindmap,AS,9,AS Mindmap Chapter 9,pdf
Mindmap,AS,10,AS Mindmap Chapter 10,pdf
Mindmap,AS,11,AS Mindmap Chapter 11,pdf
Mindmap,AS,12,AS Mindmap Chapter 12,pdf
Mindmap,A2,1,A2 Mindmap Chapter 1,pdf
Mindmap,A2,2,A2 Mindmap Chapter 2,pdf
Mindmap,A2,3,A2 Mindmap Chapter 3,pdf
Mindmap,A2,4,A2 Mindmap Chapter 4,pdf
Mindmap,A2,5,A2 Mindmap Chapter 5,pdf
Mindmap,A2,6,A2 Mindmap Chapter 6,pdf
Mindmap,A2,7,A2 Mindmap Chapter 7,pdf
Mindmap,A2,8,A2 Mindmap Chapter 8,pdf
Syllabus Analysis,AS,/,AS Syllabus Analysis,pdf
Syllabus Analysis,A2,/,AS Syllabus Analysis,pdf